{"val_loss_step": 8.27835750579834, "val_acc_step": 13.545817375183105, "trainer/global_step": 87, "_runtime": 300, "_timestamp": 1637718941, "_step": 484, "val_loss_epoch": 8.308688163757324, "val_acc_epoch": 14.311327934265137, "epoch": 21, "train_loss_epoch": 8.358027458190918, "train_acc_epoch": 13.856185913085938, "train_loss_step": 8.417786598205566, "train_acc_step": 16.12200355529785}