{"train_loss_step": 5.958801746368408, "train_acc_step": 39.19414138793945, "epoch": 19, "trainer/global_step": 399, "_runtime": 336, "_timestamp": 1637534287, "_step": 459, "val_loss_step": 6.6807451248168945, "val_acc_step": 32.441471099853516, "val_loss_epoch": 6.191204071044922, "val_acc_epoch": 35.991188049316406, "train_loss_epoch": 6.169315338134766, "train_acc_epoch": 36.234188079833984, "_wandb": {"runtime": 337}}