{"val_loss_step": 7.841297149658203, "val_acc_step": 17.834394454956055, "trainer/global_step": 56, "_runtime": 94, "_timestamp": 1637540039, "_step": 66, "val_loss_epoch": 7.05601692199707, "val_acc_epoch": 25.563291549682617, "epoch": 2, "train_loss_epoch": 7.254983425140381, "train_acc_epoch": 25.891435623168945, "train_loss_step": 7.13632869720459, "train_acc_step": 26.37571144104004}