{"train_loss_step": 7.209043025970459, "train_acc_step": 25.886524200439453, "epoch": 3, "trainer/global_step": 61, "_runtime": 66, "_timestamp": 1637534456, "_step": 71, "val_loss_step": 7.037561893463135, "val_acc_step": 27.5, "val_loss_epoch": 7.1487932205200195, "val_acc_epoch": 25.5799560546875, "train_loss_epoch": 7.310369491577148, "train_acc_epoch": 25.517589569091797, "_wandb": {"runtime": 67}}