{"val_loss_step": 8.016157150268555, "val_acc_step": 22.505800247192383, "trainer/global_step": 18, "_runtime": 77, "_timestamp": 1637718530, "_step": 18}